IID	Trait	Subpop
ind1	0	0
ind2	1	0
ind3	1	0
ind4	0	0
ind5	1	0
ind6	0	0
ind7	0	0
ind8	1	0
ind9	0	0
ind10	1	0
ind11	1	0
ind12	1	0
ind13	0	0
ind14	0	0
ind15	1	0
ind16	0	0
ind17	0	0
ind18	1	0
ind19	0	0
ind20	0	0
ind21	1	0
ind22	1	0
ind23	0	0
ind24	0	0
ind25	0	0
ind26	1	0
ind27	0	0
ind28	0	0
ind29	0	0
ind30	1	0
ind31	1	0
ind32	0	0
ind33	0	0
ind34	1	0
ind35	1	0
ind36	1	0
ind37	1	0
ind38	0	0
ind39	1	0
ind40	0	0
ind41	0	0
ind42	0	0
ind43	1	0
ind44	0	0
ind45	0	0
ind46	1	0
ind47	0	0
ind48	1	0
ind49	1	0
ind50	1	0
ind51	1	0
ind52	0	0
ind53	1	0
ind54	0	0
ind55	0	0
ind56	0	0
ind57	1	0
ind58	0	0
ind59	1	0
ind60	0	0
ind61	1	0
ind62	0	0
ind63	0	0
ind64	1	0
ind65	0	0
ind66	0	0
ind67	1	0
ind68	0	0
ind69	0	0
ind70	1	0
ind71	0	0
ind72	0	0
ind73	1	0
ind74	1	0
ind75	1	0
ind76	1	0
ind77	1	0
ind78	1	0
ind79	1	0
ind80	0	0
ind81	0	0
ind82	1	0
ind83	0	0
ind84	0	0
ind85	0	0
ind86	0	0
ind87	1	0
ind88	0	0
ind89	0	0
ind90	0	0
ind91	1	0
ind92	1	0
ind93	0	0
ind94	0	0
ind95	1	0
ind96	0	0
ind97	0	0
ind98	1	0
ind99	0	0
ind100	1	0
ind101	0	0
ind102	1	0
ind103	1	0
ind104	1	0
ind105	0	0
ind106	1	0
ind107	0	0
ind108	1	0
ind109	0	0
ind110	0	0
ind111	1	0
ind112	0	0
ind113	0	0
ind114	0	0
ind115	0	0
ind116	1	0
ind117	1	0
ind118	1	0
ind119	0	0
ind120	0	0
ind121	0	0
ind122	1	0
ind123	1	0
ind124	1	0
ind125	1	0
ind126	1	0
ind127	0	0
ind128	0	0
ind129	1	0
ind130	0	0
ind131	0	0
ind132	0	0
ind133	0	0
ind134	1	0
ind135	0	0
ind136	0	0
ind137	0	0
ind138	0	0
ind139	1	0
ind140	0	0
ind141	0	0
ind142	1	0
ind143	0	0
ind144	0	0
ind145	1	0
ind146	1	0
ind147	0	0
ind148	1	0
ind149	1	0
ind150	0	0
ind151	0	0
ind152	0	0
ind153	0	0
ind154	1	0
ind155	0	0
ind156	1	0
ind157	1	0
ind158	1	0
ind159	1	0
ind160	0	0
ind161	0	0
ind162	1	0
ind163	0	0
ind164	1	0
ind165	0	0
ind166	0	0
ind167	1	0
ind168	0	0
ind169	0	0
ind170	1	0
ind171	1	0
ind172	1	0
ind173	0	0
ind174	1	0
ind175	0	0
ind176	0	0
ind177	0	0
ind178	0	0
ind179	1	0
ind180	1	0
ind181	1	0
ind182	0	0
ind183	0	0
ind184	1	0
ind185	0	0
ind186	1	0
ind187	1	0
ind188	1	0
ind189	0	0
ind190	1	0
ind191	0	0
ind192	0	0
ind193	0	0
ind194	1	0
ind195	0	0
ind196	0	0
ind197	0	0
ind198	1	0
ind199	0	0
ind200	1	0
ind201	0	1
ind202	1	1
ind203	1	1
ind204	1	1
ind205	0	1
ind206	1	1
ind207	1	1
ind208	1	1
ind209	1	1
ind210	0	1
ind211	1	1
ind212	1	1
ind213	1	1
ind214	1	1
ind215	1	1
ind216	0	1
ind217	0	1
ind218	1	1
ind219	0	1
ind220	0	1
ind221	1	1
ind222	1	1
ind223	1	1
ind224	1	1
ind225	1	1
ind226	1	1
ind227	1	1
ind228	1	1
ind229	1	1
ind230	1	1
ind231	1	1
ind232	1	1
ind233	1	1
ind234	1	1
ind235	1	1
ind236	1	1
ind237	0	1
ind238	1	1
ind239	1	1
ind240	1	1
ind241	1	1
ind242	0	1
ind243	0	1
ind244	0	1
ind245	0	1
ind246	0	1
ind247	1	1
ind248	1	1
ind249	0	1
ind250	0	1
ind251	1	1
ind252	1	1
ind253	0	1
ind254	1	1
ind255	1	1
ind256	1	1
ind257	1	1
ind258	1	1
ind259	1	1
ind260	1	1
ind261	1	1
ind262	1	1
ind263	0	1
ind264	0	1
ind265	1	1
ind266	0	1
ind267	1	1
ind268	1	1
ind269	0	1
ind270	1	1
ind271	0	1
ind272	1	1
ind273	0	1
ind274	1	1
ind275	1	1
ind276	1	1
ind277	1	1
ind278	1	1
ind279	0	1
ind280	1	1
ind281	1	1
ind282	1	1
ind283	1	1
ind284	1	1
ind285	1	1
ind286	1	1
ind287	1	1
ind288	0	1
ind289	1	1
ind290	0	1
ind291	1	1
ind292	0	1
ind293	1	1
ind294	1	1
ind295	1	1
ind296	1	1
ind297	1	1
ind298	1	1
ind299	1	1
ind300	1	1
ind301	1	1
ind302	1	1
ind303	1	1
ind304	1	1
ind305	1	1
ind306	1	1
ind307	0	1
ind308	1	1
ind309	1	1
ind310	1	1
ind311	1	1
ind312	1	1
ind313	1	1
ind314	0	1
ind315	1	1
ind316	1	1
ind317	0	1
ind318	1	1
ind319	1	1
ind320	0	1
ind321	0	1
ind322	1	1
ind323	1	1
ind324	1	1
ind325	1	1
ind326	0	1
ind327	1	1
ind328	1	1
ind329	1	1
ind330	0	1
ind331	1	1
ind332	0	1
ind333	1	1
ind334	1	1
ind335	0	1
ind336	1	1
ind337	1	1
ind338	1	1
ind339	1	1
ind340	1	1
ind341	1	1
ind342	0	1
ind343	1	1
ind344	1	1
ind345	0	1
ind346	0	1
ind347	1	1
ind348	1	1
ind349	0	1
ind350	1	1
ind351	1	1
ind352	1	1
ind353	1	1
ind354	1	1
ind355	1	1
ind356	1	1
ind357	1	1
ind358	1	1
ind359	1	1
ind360	0	1
ind361	1	1
ind362	0	1
ind363	1	1
ind364	1	1
ind365	1	1
ind366	1	1
ind367	0	1
ind368	1	1
ind369	1	1
ind370	1	1
ind371	0	1
ind372	1	1
ind373	1	1
ind374	1	1
ind375	0	1
ind376	1	1
ind377	1	1
ind378	1	1
ind379	0	1
ind380	1	1
ind381	1	1
ind382	0	1
ind383	0	1
ind384	0	1
ind385	0	1
ind386	1	1
ind387	1	1
ind388	1	1
ind389	0	1
ind390	1	1
ind391	1	1
ind392	1	1
ind393	1	1
ind394	1	1
ind395	1	1
ind396	1	1
ind397	1	1
ind398	0	1
ind399	1	1
ind400	0	1
